baseMean,log2FoldChange,lfcSE,stat,pvalue,padj,symbol,description,entrez,ensembl
24.570619858655476,18.51289501715326,3.6825760133409777,5.027158964291855,4.97799689093421e-7,7.484694880902414e-5,Gm28836,predicted gene 28836,102635593,
68.09876471867365,9.322078715497975,2.27269442258672,4.101773922113046,4.099947639139201e-5,0.004809591102882195,Vwa3b,von Willebrand factor A domain containing 3B,70853,
239.71049617013,6.08639074859608,1.0543294205001064,5.772760040888441,7.798346072419271e-9,2.4732941965307244e-6,4930439A04Rik,RIKEN cDNA 4930439A04 gene,78119,
55.54375768649487,21.271643426899224,2.775295454738342,7.6646410350946725,1.7933205015161023e-14,6.066803256628974e-11,LOC108167622,NA,NA,
48.12982801326509,-22.863163572248833,3.632337880344854,-6.29433833674036,3.0871382135535965e-10,1.8455153585356773e-7,Pard3bos2,"par-3 family cell polarity regulator beta, opposite strand 2",105243940,
29.96705739220461,19.601202686965227,3.56295454634771,5.501390049182047,3.768085672861827e-8,7.936686148909202e-6,Col4a3,"collagen, type IV, alpha 3",12828,
70.36680954560342,9.093522618032344,2.087763839288908,4.355627991492369,1.3268595752811093e-5,0.0017488698479906466,Dnajb3,DnaJ heat shock protein family (Hsp40) member B3,15504,
12.850152020474962,18.82211465740943,3.6835623405586033,5.109758683914414,3.2257055280917603e-7,4.97056087486071e-5,Asb18,ankyrin repeat and SOCS box-containing 18,208372,
91.39199012265985,20.76692588169938,3.619579708796351,5.73738598192252,9.61489651765804e-9,3.0025103002372753e-06,Gm41920,"predicted gene, 41920",105246666,
41.29963838517944,21.37203883152384,3.678965106929501,5.809252931284566,6.275222514164484e-9,2.158889264279842e-6,LOC105246710,NA,NA,
59.788596532406594,21.982685778724168,3.236675355711084,6.791748743022966,1.107823690094287e-11,9.77678489631906e-9,LOC108167732,NA,NA,
58.263401428817424,9.542099086535918,2.617911250028605,3.6449284086432097,2.674662462862795e-4,0.025613360770363934,Fam129a,NA,NA,
51.2668911026237,21.615384966449845,2.7780473998007302,7.7807833545245915,7.207683480184518e-15,3.657538982019634e-11,Fmo1,flavin containing monooxygenase 1,14261,
666.8432920205067,2.774593553451173,0.5327144349439165,5.208406927706547,1.904688492074587e-7,3.068362461280156e-5,Gorab,"golgin, RAB6-interacting",98376,
41.6029929959831,21.334681219859732,3.4180512518185546,6.241767500855564,4.3265373406981694e-10,2.5091444268997555e-7,Dnah14,"dynein, axonemal, heavy chain 14",240960,
433.56152078289756,-2.8083301474343174,0.737227901044361,-3.809310721224769,1.3935474041852508e-4,0.014580528458841351,Atf3,activating transcription factor 3,11910,
48.28040017091349,21.761939325721045,2.710654611713859,8.028296645274802,9.883526768429547e-16,1.164391387591783e-11,B230208H11Rik,RIKEN cDNA B230208H11 gene,320273,
82.55280267960462,9.456510150663945,2.098889781702735,4.505482009156433,6.622244991117478e-6,9.334606168729346e-4,LOC108167797,NA,NA,
45.72460832412621,21.03528603887986,2.7780344818451552,7.5720032189479305,3.6751235632132715e-14,8.288628676233666e-11,Fam26f,NA,NA,
109.45018925236587,10.585487421303855,2.6621849784016023,3.9762403841897824,7.001335492863066e-5,0.007765743597493689,Mical1,"microtubule associated monooxygenase, calponin and LIM domain containing 1",171580,
48.48680476372265,21.036779257261976,3.342286236903674,6.294128559363201,3.0913155084349703e-10,1.8455153585356773e-7,LOC108167812,NA,NA,
31.153226104565682,20.883431504598548,2.855993603628712,7.312142253422728,2.6291654750948916e-13,3.811914343819722e-10,Upb1,"ureidopropionase, beta",103149,
49.98683076126718,20.359475293120123,3.5216112237171138,5.781295549038599,7.412753007599505e-9,2.426839686262173e-6,Eid3,EP300 interacting inhibitor of differentiation 3,66341,
159.96921218127565,9.869199003191323,1.6538122270265696,5.967545070661016,2.408497712169501e-9,1.0248664685389955e-6,Gm5174,predicted gene 5174,382395,
117.28305120354055,22.86723020853966,3.6150539514756193,6.325557105228138,2.523205693429185e-10,1.7072009721741866e-7,Gm32898,"predicted gene, 32898",102635607,
43.60016947032634,8.496380781533412,2.188510191110452,3.8822669485593493,1.0348718010610464e-4,0.011055698851545854,5730420D15Rik,RIKEN cDNA 5730420D15 gene,70523,
75.41202219404805,10.048065715700703,2.8971733477288333,3.4682307579481337,5.238972104932958e-4,0.044680947809213944,Nab2,Ngfi-A binding protein 2,17937,
381.36001427117884,1.6274389312759465,0.44958049634629915,3.619905544172842,2.947105777888079e-4,0.027694607907209366,Itga7,integrin alpha 7,16404,
38.792136969183076,20.94936214806476,3.41999949675718,6.125545389094005,9.037350290558645e-10,4.757914825811227e-7,Pkd1l1,polycystic kidney disease 1 like 1,171395,
6141.733985112711,-1.5647898985488018,0.3769493253704492,-4.15119432037979,3.307447944757491e-5,0.004020034633693866,Hba-a1,"hemoglobin alpha, adult chain 1",15122,
3472.3728527824624,-1.562321646297465,0.3798307172449462,-4.113205107869017,3.9020340176615164e-5,0.004631782835701372,Hba-a2,"hemoglobin alpha, adult chain 2",110257,
233.3479269947081,5.092019010637612,1.3477327479567587,3.7782112353932256,1.579588715048362e-4,0.016275376516777487,Maml1,mastermind like transcriptional coactivator 1,103806,
852.3434443430923,2.1089012101845337,0.5552005369600767,3.7984495147132407,1.4560407855606814e-4,0.015078936665974853,Zfp354a,zinc finger protein 354A,21408,
152.1456110886601,2.5555016640605124,0.7365141890211875,3.4697249586687837,5.209915733551635e-4,0.04462062006735489,Pemt,phosphatidylethanolamine N-methyltransferase,18618,
55.86006656759578,9.614880296165706,2.1140498789166933,4.548085829030996,5.413605811006625e-6,7.738406390972709e-4,F930015N05Rik,RIKEN cDNA F930015N05 gene,654805,
319.9258803106198,-1.9620640596604166,0.37785379092077875,-5.192654160962977,2.0731707794213507e-7,3.313481927613746e-5,Nxn,nucleoredoxin,18230,
13.995640350656496,19.028026022769946,3.6827923511006615,5.166738770129984,2.3821383312485135e-7,3.748266964936615e-5,Gm29979,"predicted gene, 29979",102631709,
27.638281751291817,20.428363760895643,3.679810025958667,5.551472390364399,2.8327346049991567e-8,6.249874675247052e-6,Mmp28,matrix metallopeptidase 28 (epilysin),118453,
22.984568874026063,19.069849762489344,3.6825964533045683,5.178370751260857,2.2383206472098498e-7,3.549486913833245e-5,Hnf1b,HNF1 homeobox B,21410,
35.408082507207645,19.27882522654557,3.6818171031847187,5.236225669621032,1.6389354444586106e-7,2.7046432237090146e-5,Gm525,predicted gene 525,217071,
124.45357234338182,10.469470242676058,1.8818981276725166,5.563250257135029,2.6479572258978585e-8,5.9720261968083035e-6,Rara,"retinoic acid receptor, alpha",19401,
47.596390161434755,21.245622620921164,3.679036331359069,5.774779237657825,7.70540442516263e-9,2.4732941965307244e-6,Zfp385c,zinc finger protein 385C,278304,
119.08052580436492,10.185954886313825,2.1874915533524275,4.656454499540078,3.2170133565286625e-6,4.664209793629914e-4,Aoc2,"amine oxidase, copper containing 2 (retina-specific)",237940,
33.720220758228635,20.919976045308882,3.4207694654020186,6.115576117272874,9.620874615759102e-10,4.882112823766956e-7,Brca1,"breast cancer 1, early onset",12189,
432.3066086492764,2.9324029998283483,0.6969297175211592,4.207602181548986,2.5809470916649147e-5,0.0032539170227710835,Sphk1,sphingosine kinase 1,20698,
55.25216747198167,9.330281806796792,2.3993644908673004,3.88864711564693,1.00804560055106e-4,0.010883675319141178,Gen1,"GEN1, Holliday junction 5' flap endonuclease",209334,
1462.4969698761588,-1.578127941779564,0.4468832704774929,-3.531409757392218,4.1335087877545116e-4,0.037055658763718274,Prps1l3,phosphoribosyl pyrophosphate synthetase 1-like 3,328099,
101.79198140157138,9.840618946095642,1.7844310737714488,5.514709472805356,3.4935658266970186e-8,7.543872250031498e-6,Gm20337,"predicted gene, 20337",100504661,
25.8406432430161,19.962728962769866,3.6726977237829828,5.435440230623633,5.466130623270951e-8,1.0771992173898423e-5,Gm38543,"predicted gene, 38543",102641236,
20.717146688889517,19.30336784540377,3.681921019551677,5.242743595774961,1.5820631808053144e-7,2.6408052612683204e-5,Gm33682,"predicted gene, 33682",102636679,
5340.948075128992,-0.8402446412104543,0.22420001938149695,-3.747745622540294,1.7843107542051873e-4,0.01801887546709298,AW209491,expressed sequence AW209491,105351,
26.74186210911502,20.608758752198515,3.679614656949198,5.600792657263036,2.1337383760637635e-8,5.281783116749058e-6,Hus1b,HUS1 checkpoint clamp component B,210554,
13.029207056519102,18.525680447765346,3.684821385393164,5.027565385177738,4.967461361974008e-7,7.484694880902414e-5,A230103O09Rik,RIKEN cDNA A230103O09 gene,77753,
50.38813829227618,19.97942225311153,3.6803985569034037,5.428602892921934,5.6796898549116587e-8,1.1085225449518928e-5,Gm31683,"predicted gene, 31683",102633993,
47.43489317530153,20.93381251759307,2.7864180970937906,7.512803817713806,5.787422541972107e-14,1.1747310275694983e-10,Catsper3,"cation channel, sperm associated 3",76856,
31.92691401874236,8.807972393874747,2.4165322801059896,3.64488091733185,2.6751564111326996e-4,0.025613360770363934,1810034E14Rik,RIKEN cDNA 1810034E14 gene,66503,
3834.747429904751,0.6112165318459953,0.16378563467187301,3.7318079395088724,1.9011042724848313e-4,0.01900916971571286,Exoc3,exocyst complex component 3,211446,
29.19616696419759,20.61250643409853,3.6019627147045057,5.722576291517643,1.0492070346325444e-8,3.178627520741998e-6,Gm38604,"predicted gene, 38604",102642321,
60.66759602936456,8.232571109250216,2.3336607427713827,3.527749753151125,4.1910817525511756e-4,0.037148723761259286,3110070M22Rik,RIKEN cDNA 3110070M22 gene,67304,
180.80825112619462,9.927681990803551,1.5025893200773703,6.6070494832828714,3.9205502598651335e-11,3.183173166989699e-8,Mmrn2,multimerin 2,105450,
63.784664541857474,9.31007328417868,2.258601772193809,4.122051704199136,3.755128875992139e-5,0.004483623877934614,Cdhr1,cadherin-related family member 1,170677,
36.90587343217127,22.46013289575181,3.6787584097362886,6.105356860702864,1.0257124365235118e-9,5.0780270820864e-7,4930563I02Rik,RIKEN cDNA 4930563I02 gene,67659,
41.95117415498973,20.942295836027704,3.6792699772082473,5.691970408738061,1.2558162196885643e-8,3.465232597158883e-6,Arl11,ADP-ribosylation factor-like 11,219144,
25.363284174043585,20.648429750858945,3.679575596324306,5.611633518682315,2.004255549255101e-8,5.149668245415194e-6,Gm35679,"predicted gene, 35679",102639345,
1758.4786600100829,-0.8719704329131607,0.25267470324584035,-3.450960550114015,5.58595212877336e-4,0.04646871160239413,Samd12,sterile alpha motif domain containing 12,320679,
46.345526854954485,9.206893741071498,2.561326737059359,3.5945799525920177,3.249153581025399e-4,0.03011475771125733,Col22a1,"collagen, type XXII, alpha 1",69700,
309.7832134863923,5.3844137772402405,1.2858519569589093,4.187429002304894,2.821322351163597e-5,0.003535012412587573,Gm44502,"predicted readthrough transcript (NMD candidate), 44502",100134861,
55.82716460498915,9.489231813604567,2.6212575929596507,3.6201065622437802,2.94481711751315e-4,0.027694607907209366,A330009N23Rik,RIKEN cDNA A330009N23 gene,380977,
23.454443887474586,5.8057233213151305,1.644816900858021,3.5297079682769352,4.160185942702714e-4,0.037055658763718274,Gm16861,"predicted gene, 16861",100503704,
95.32772867754105,9.314555602976297,2.286852962864892,4.0730889804595645,4.639368945238071e-5,0.005320333946352677,Eef2kmt,eukaryotic elongation factor 2 lysine methyltransferase,70511,
5369.91374072745,-0.8036951627205218,0.22876794437399536,-3.5131458864123966,4.4283426043475977e-4,0.03874418025131359,Sdf2l1,stromal cell-derived factor 2-like 1,64136,
39.81329639855288,21.45040620035376,3.6788989496791085,5.830659252607298,5.520882040081702e-9,1.9321183387858343e-6,Lrrc74b,leucine rich repeat containing 74B,74685,
7210.691434932645,1.2224024685153676,0.27452124643968595,4.452851953606211,8.473718285208329e-6,0.0011700648554636645,Tfrc,transferrin receptor,22042,
1489.5328879775343,0.859428069075545,0.2136690206905819,4.022239940529792,5.7647287983538375e-5,0.0065370092262003465,Dopey2,NA,NA,
29.936783085337627,20.816145138768558,3.4818065736959407,5.978547256481339,2.2513630582861127e-9,1.0248664685389955e-6,Gm41523,"predicted gene, 41523",105246190,
163.03444382102248,9.680531193615373,2.4765305690421675,3.9089084199592383,9.271409962663628e-5,0.010117799968932598,Mas1,MAS1 oncogene,17171,
2380.065431795988,0.842645730104462,0.24395767388833728,3.4540652756434804,5.522037004911865e-4,0.04646871160239413,Tbl3,transducin (beta)-like 3,213773,
37.053801359002485,9.022866691325639,2.3736948600981744,3.8011906429086926,1.4400244928784863e-4,0.014989547259716676,Tead3,TEA domain family member 3,21678,
609.2059048543085,-2.036691228741655,0.5167820497496652,-3.9411028880129453,8.110782466283195e-5,0.008899062837871152,Cdkn1a,cyclin-dependent kinase inhibitor 1A (P21),12575,
85.34559237332643,21.57558513306209,3.6788212788006174,5.864809268499241,4.496492636166931e-9,1.6298179915877924e-6,Hsf2bp,heat shock transcription factor 2 binding protein,74377,
514.6002824472548,1.6438064804392485,0.3782179842659844,4.346188041875952,1.385238272245069e-5,0.0018140365451632524,Zfp811,zinc finger protein 811,240063,
2113.1457027031215,-1.7493922131035475,0.4407085710268905,-3.9694989571618877,7.202392206248599e-5,0.007945334619697503,H2-K1,"histocompatibility 2, K1, K region",14972,
1379.2987066905152,-1.0932893760163978,0.3167851238339302,-3.4512017571555478,5.580961964346533e-4,0.04646871160239413,H2-DMa,"histocompatibility 2, class II, locus DMa",14998,
55.75806263726503,9.56211835772232,2.2965491762333965,4.163689790176968,3.1314549853221296e-5,0.0038757483714675967,Nfkbie,"nuclear factor of kappa light polypeptide gene enhancer in B cells inhibitor, epsilon",18037,
69.18582569977075,9.536130216548944,2.1756271226845874,4.383163878184217,1.1696805734482841e-5,0.001561985281569294,Ebi3,Epstein-Barr virus induced gene 3,50498,
157.6422010335316,5.40592939175333,1.3183645164294302,4.100481562105741,4.122912857924435e-5,0.004809591102882195,Crb3,crumbs family member 3,224912,
1439.2322449896624,1.0138760781719292,0.2872518586477477,3.5295718640248346,4.1623264351797057e-4,0.037055658763718274,Hnrnpll,heterogeneous nuclear ribonucleoprotein L-like,72692,
26.8520924123124,20.071051614769107,3.671689310491586,5.46643517941933,4.5917622917529064e-8,9.228078316633713e-6,4930543D07Rik,RIKEN cDNA 4930543D07 gene,75176,
49.473346910831495,21.624644003012975,2.699713536418509,8.009977248067822,1.1472966672497614e-15,1.164391387591783e-11,Ttr,transthyretin,22139,
52.13170643517807,20.619147230146734,3.679556718323253,5.603704143890117,2.0981873018940853e-8,5.257901957264956e-6,BC051408,cDNA sequence BC051408,408061,
2349.967518141213,1.1291083940601634,0.2519716978137141,4.481092137954826,7.426204053057116e-6,0.0010395661370272643,Apbb3,"amyloid beta (A4) precursor protein-binding, family B, member 3",225372,
50.74156764981092,9.250867546976632,2.6424046417270826,3.50092767810544,4.636416467685947e-4,0.04021794079533733,Dnd1,DND microRNA-mediated repression inhibitor 1,213236,
27.245718695920115,20.72682107905721,3.5795879225799907,5.790281319342014,7.026863111478874e-9,2.3382174989639045e-6,Tex43,testis expressed 43,67343,
28.8795103507125,6.950676204989764,1.8445941067818736,3.7681331515886134,1.6447297039885552e-4,0.016776242980683264,Gm41795,"predicted gene, 41795",105246514,
56.55581013425571,-23.898736683667572,3.625026445497307,-6.5927068513810445,4.318788278237833e-11,3.2467690545063535e-8,Ptgdr2,prostaglandin D2 receptor 2,14764,
624.5692267865041,-1.9670535050625801,0.44382423883827293,-4.432055153660419,9.333913317978648e-6,0.0012715420975055746,LOC108168412,NA,NA,
33.69944743031691,20.94166184381609,3.526661984544954,5.938097253320464,2.8834898600146073e-9,1.113221415249109e-6,Gm30990,"predicted gene, 30990",102633075,
3587.79641534336,0.9295199450792261,0.2688120869827633,3.4578800213653653,5.444437876779132e-4,0.046200580204235384,Ablim1,actin-binding LIM protein 1,226251,
183.91855971544342,6.496102264746329,1.2774998683817371,5.085012081429969,3.6760266890619526e-7,5.610224792073648e-5,LOC108168424,NA,NA,
29.75060927656571,20.93870392974532,3.6792957001875313,5.690954366260392,1.2633127016935528e-8,3.465232597158883e-6,Gm33534,"predicted gene, 33534",102636479,
665.7483790243458,1.8164903099333463,0.5010974288199243,3.62502420778959,2.8893438566266453e-4,0.0274055614961718,Rnd3,Rho family GTPase 3,74194,
29.282844389011437,20.857776821989376,2.901805727813042,7.1878612072728,6.581411227697702e-13,7.858205005871056e-10,Ppp1r1c,"protein phosphatase 1, regulatory inhibitor subunit 1C",75276,
55.814267937586926,19.310928259810026,3.6817909695099855,5.244982243622632,1.5629737901937076e-7,2.6408052612683204e-5,Slc43a3,"solute carrier family 43, member 3",58207,
18.827775435428933,19.461772355656738,3.6815353875372128,5.28631951265198,1.2480183247678506e-7,2.261810353226592e-5,Actc1,"actin, alpha, cardiac muscle 1",11464,
319.1073807644388,1.455234405082938,0.3952092043317601,3.6821875329131633,2.3124120450586423e-4,0.022896263263707476,LOC108168839,NA,NA,
26.08745439657207,8.006911200429593,2.0817534885098663,3.846234073641926,1.1994718011444096e-4,0.012680665947723555,1810024B03Rik,RIKEN cDNA 1810024B03 gene,329509,
41.167078590234524,19.923450168322837,3.6805015950275526,5.413243182733545,6.189334128795124e-8,1.1964867061550802e-5,Oxt,oxytocin,18429,
52.87638998129668,21.077781052585234,3.679148697103277,5.728983193634036,1.0103440289265678e-8,3.107267136235072e-6,Gm33648,"predicted gene, 33648",102636639,
16.85762828545889,19.62075239432255,3.170910785280736,6.187733973911041,6.103521594629403e-10,3.441368925771879e-7,Cfap61,cilia and flagella associated protein 61,78774,
1254.9051160439767,1.2500707508638247,0.30046881781350276,4.16040093597908,3.1768939460385324e-5,0.0038935454202007336,Rprd1b,regulation of nuclear pre-mRNA domain containing 1B,70470,
153.7537453722568,6.626437349478302,1.704654043532911,3.8872622715544973,1.0138119653372211e-4,0.010888018662653393,Npepl1,aminopeptidase-like 1,228961,
17.28853515562245,19.796135505809485,3.680818253240032,5.3781888003799105,7.523889458559589e-8,1.4272888619611452e-5,Fgf2,fibroblast growth factor 2,14173,
1640.8435272164406,-0.9540698753478032,0.25456098893998297,-3.747902926212866,1.7831923772184305e-4,0.01801887546709298,Ctso,cathepsin O,229445,
53.9441799920737,20.849975332405396,3.679334159273267,5.666779485047814,1.4550640668009649e-8,3.9379853903901315e-6,Gm30352,"predicted gene, 30352",102632212,
14133.382479106625,-0.6288110927818177,0.17967364253666804,-3.4997403286544326,4.657115854627727e-4,0.04022559047541856,Ash1l,ASH1 like histone lysine methyltransferase,192195,
47.345365758975426,9.265226943102137,2.0869582555801145,4.439584221835175,9.013283753350221e-6,0.0012361596866588026,Rorc,RAR-related orphan receptor gamma,19885,
4561.1478219510145,0.8052497599616347,0.2269325745231018,3.548409749697085,3.875647905086747e-4,0.0353893429970661,Snx27,sorting nexin family member 27,76742,
1078.2809674788962,1.833233241569089,0.4059185375857548,4.516258982584155,6.294168007751724e-6,8.934197358135979e-4,Setdb1,"SET domain, bifurcated 1",84505,
261.6888933234913,-2.2456966736773674,0.6506237828678427,-3.4516055711623475,5.572617030909008e-4,0.04646871160239413,Hist2h4,NA,NA,
36.527299534304916,9.002026453845142,2.4052656570204416,3.7426329302005397,1.821021444129678e-4,0.01829856102621,LOC108168896,NA,NA,
68.9937971205052,20.50718556702098,3.679660447043172,5.573119004363496,2.5021851870005e-8,5.839432055413862e-6,Gm35408,"predicted gene, 35408",102638976,
66.03254450284524,8.984759973805305,2.173810078790279,4.1331853511348635,3.577699727590256e-5,0.004322627920870656,LOC108168900,NA,NA,
54.70566459270438,21.34246101958299,2.880712004174757,7.408745125737416,1.2750007244514085e-13,2.352724064083154e-10,Gm40150,"predicted gene, 40150",105244557,
41.354743253071995,21.591012702292847,3.3183282915714694,6.506593322045281,7.687415387436624e-11,5.380660604627193e-8,Emcn,endomucin,59308,
27.433754536225237,20.008177106665848,3.6804026844726634,5.436409768713302,5.4364849943692223e-8,1.0771992173898423e-5,Gm40187,"predicted gene, 40187",105244597,
841.0441590645503,1.303404521013522,0.31990991361408067,4.074286121016768,4.615570844958774e-5,0.005320333946352677,Ube2r2,ubiquitin-conjugating enzyme E2R 2,67615,
4519.055518544651,-0.8064117709845454,0.22930800848271143,-3.516718741401238,4.3691648638518124e-4,0.0383919084010667,Gm38592,"predicted gene, 38592",102642011,
98.8647966639516,8.325036771758297,1.867048184334538,4.458929791748008,8.236989396823661e-6,0.0011451671971008676,Tusc1,tumor suppressor candidate 1,69136,
89.53863124402126,9.514858594189318,2.1776587521844957,4.369306524562027,1.2464171220290871e-5,0.0016535800485585888,Cyp2j12,"cytochrome P450, family 2, subfamily j, polypeptide 12",242546,
53.33441020729671,21.689744668026133,3.2584153259946977,6.656531625969104,2.8036482713509995e-11,2.3711855254951078e-8,Gm12701,predicted gene 12701,105244634,
82.94128552288194,8.829860313926945,2.1825628310104372,4.045638544040943,5.218069409585315e-5,0.005950358026728243,Mroh7,maestro heat-like repeat family member 7,381538,
19.062555165628478,19.421009619462925,3.6816288600535807,5.2751133690266325,1.326740436107034e-7,2.3417545540957023e-5,LOC102634683,NA,NA,
29.909570556419546,7.065372869027232,1.9560314561279515,3.612095729285173,3.037323931522141e-4,0.02841087611153752,Ccdc27,coiled-coil domain containing 27,381580,
16.330021649880205,19.308579405551143,3.681927336972131,5.244150043827248,1.5700439657934822e-7,2.6408052612683204e-5,Gm42362,"predicted gene, 42362",105247228,
128.52305586133548,9.167333949815855,2.5844519765379297,3.5471094193424317,3.894827925850126e-4,0.0353893429970661,Plekhn1,"pleckstrin homology domain containing, family N member 1",231002,
50.311691629059844,20.447336686402124,3.4270082267450293,5.966526875198953,2.423568355989348e-9,1.0248664685389955e-6,Gm29868,"predicted gene, 29868",102631562,
37.86683190512083,21.453084764254825,2.7097315930525787,7.9170515704425926,2.4320889090316313e-15,1.6455513558508018e-11,Gm5106,predicted gene 5106,330031,
2514.0906209578757,1.069634403955782,0.22001879758715612,4.8615591744249365,1.1646475379988429e-6,1.7382364504632728e-4,Crot,carnitine O-octanoyltransferase,74114,
113.25793205822046,3.43379085253337,0.9432909349985417,3.640224585152701,2.724003407107056e-4,0.025958601482375127,Gm15421,ribosomal protein L22 like 1 pseudogene,100042049,
63.03572776719124,6.922110214267399,1.8903776271725599,3.6617605470822294,2.5048793368705045e-4,0.02432729223913756,Gm35055,"predicted gene, 35055",102638509,
90.50336694255861,9.44918337713905,2.13915118775175,4.4172583178050875,9.996074117782713e-6,0.0013526687496183566,Gm15614,predicted gene 15614,102640951,
188.57980350066921,4.507607519288706,1.1288645451970438,3.993045523900214,6.523003896679429e-5,0.007274941378835113,Evc,EvC ciliary complex subunit 1,59056,
356.4693562553548,5.087479820318937,0.985480675381323,5.162434888284727,2.4375817447887087e-7,3.806002635055478e-5,Lyar,Ly1 antibody reactive clone,17089,
25.686160275339883,20.676371239503663,2.9116039657631974,7.1013680028712,1.2352795935797199e-12,1.31966869423585e-9,Gm40291,"predicted gene, 40291",105244734,
84.93855381220257,22.63001191358072,3.074573063581157,7.360375390533755,1.8339375966414518e-13,3.0874472859542234e-10,Gm35394,"predicted gene, 35394",102638959,
2738.8364291813728,-0.8550399708877215,0.19890294227012936,-4.298779903046858,1.7174091371855694e-5,0.002192450985320295,Asphd2,aspartate beta-hydroxylase domain containing 2,72898,
26.98503208455972,20.30620054064773,3.559396104524666,5.704956668024305,1.1637268973054148e-8,3.3223225874952104e-6,4930515G01Rik,RIKEN cDNA 4930515G01 gene,67642,
851.5914576414086,1.2876173147436156,0.29684911525507984,4.337615470530129,1.4403686603898432e-5,0.0018741412223457076,Ccdc64,NA,NA,
76.52291894582162,8.241999161208375,2.3930853218278254,3.444089137161721,5.72986764231015e-4,0.04747136873616793,Fzd10,frizzled class receptor 10,93897,
25.108014463107065,7.368443024538165,1.783935930271468,4.130441513903968,3.620672014751692e-5,0.004348662754759163,A330070K13Rik,RIKEN cDNA A330070K13 gene,381673,
41.24013288568633,9.177333081412534,2.20274359777094,4.166319262350602,3.0955710180557175e-5,0.0038548405229751506,Pilra,paired immunoglobin-like type 2 receptor alpha,231805,
2200.856861798216,0.6254481033009588,0.14853767178132216,4.210703559577441,2.5457661886935265e-5,0.003229622631131325,Pds5b,PDS5 cohesin associated factor B,100710,
628.2858086213944,1.695927956696401,0.3492779675596422,4.85552515248992,1.2006811185844514e-6,1.778936156571328e-4,Pole4,"polymerase (DNA-directed), epsilon 4 (p12 subunit)",66979,
27.106737559846643,20.500559777877108,3.679725840886248,5.571219341965874,2.5296261102199777e-8,5.839432055413862e-6,5031434C07Rik,RIKEN cDNA 5031434C07 gene,100503613,
52.15737823565148,20.98193671909871,3.679227141128316,5.702810920410892,1.1784768267792646e-8,3.3223225874952104e-6,Gm38876,"predicted gene, 38876",105242742,
65.40981681409129,9.71208363808035,2.4931589031308152,3.8954932338585717,9.7999098028952e-5,0.010637356640597154,Mug2,murinoglobulin 2,17837,
63.41728460187491,21.664403705749162,3.3222337824443686,6.521035280608503,6.982375721032225e-11,5.061723656625433e-8,Gm33449,"predicted gene, 33449",102636362,
21.679542415415014,20.28304096479262,3.6799833813607106,5.511720804916451,3.5534227745973e-8,7.592355313555368e-6,Olr1,oxidized low density lipoprotein (lectin-like) receptor 1,108078,
26.078961104162605,20.413381958775176,2.9786726868137405,6.853180629460563,7.222579218785366e-12,7.330195649145267e-9,Plbd1,phospholipase B domain containing 1,66857,
76.96762859848752,10.07753106261344,2.841627461982853,3.5463941693403616,3.9054157214222124e-4,0.0353893429970661,Ehd2,EH-domain containing 2,259300,
265.00133224818404,-2.32798011634608,0.6734146111585386,-3.456978921709222,5.462675755747606e-4,0.046200580204235384,Ccdc9,coiled-coil domain containing 9,243846,
41.25383682360109,8.5233352413622665,2.2190907282431622,3.8409133673007267,1.2257737189994754e-4,0.012891582874741632,Ceacam2,CEA cell adhesion molecule 2,26367,
69.25107899040486,20.451469630208766,3.6797281359464518,5.557875167576342,2.7307856928388367e-8,6.091152526729967e-6,Zfp607,NA,NA,
197.36807766606933,11.18441236208935,1.8881699805837548,5.923413928353807,3.153258043930258e-9,1.185274662512896e-6,Map4k1,mitogen-activated protein kinase kinase kinase kinase 1,26411,
95.98998911982896,5.9499459609223475,1.2365347717917603,4.8117902518024405,1.495842956087352e-6,2.2001898784537009e-4,Kctd15,potassium channel tetramerisation domain containing 15,233107,
52.530106648448026,9.52638494828792,2.2156959806520473,4.299500035868839,1.711838482178323e-5,0.002192450985320295,Il4i1,interleukin 4 induced 1,14204,
36.38576095498624,20.560699324480876,3.6796361311977255,5.5876990526746315,2.300979455918579e-8,5.560152499551824e-6,Kctd14,potassium channel tetramerisation domain containing 14,233529,
791.6519370302362,-2.014652726195362,0.5513905607709735,-3.6537671652891635,2.5842062682879003e-4,0.024978199444622762,Hbb-bt,"hemoglobin, beta adult t chain",101488143,
7534.894877055069,-1.7587126441321173,0.4009505206053909,-4.386358300462251,1.1526419419453205e-5,0.001549425572026895,Hbb-bs,"hemoglobin, beta adult s chain",100503605,
143.9836395898648,10.345456546903222,1.738813341528229,5.94972231913673,2.6859778040944125e-9,1.1126526013777221e-6,Tpcn2,two pore segment channel 2,233979,
4134.335559194443,0.7041969817394458,0.19691227395560196,3.5761964838119837,3.4862966041958494e-4,0.03202029342622957,Ints10,integrator complex subunit 10,70885,
420.49604515188804,-2.2772974611540415,0.5541767435325992,-4.109334229071777,3.96801433383818e-5,0.0046827183109446145,Bst2,bone marrow stromal cell antigen 2,69550,
48.006527273201144,20.386541654935282,3.3466670028264387,6.091595500155158,1.1179086334086519e-9,5.40269272403067e-7,Klf1,Kruppel-like factor 1 (erythroid),16596,
570.9533977193962,1.8732520187171087,0.4342910661708095,4.313356098327721,1.60794813658685e-5,0.0020788618647413935,2310036O22Rik,NA,NA,
31.11654338756015,8.747050581257467,2.3774132654327693,3.679230156758299,2.3393907333761485e-4,0.023050948109742262,Gm32122,"predicted gene, 32122",102634575,
61.21779730978363,8.278039782989893,2.340471193399306,3.536911629733348,4.048350982498412e-4,0.036521523663445674,Fhod1,formin homology 2 domain containing 1,234686,
1114.1079058490488,1.1231347642106775,0.2740134986194509,4.098830057166211,4.152437758268253e-5,0.0048163532352759435,Ctcf,CCCTC-binding factor,13018,
5122.620498301112,-0.9092177730264536,0.21856845684149698,-4.159876434895666,3.1841981463854655e-5,0.0038935454202007336,Calb2,calbindin 2,12308,
65.48991422450679,21.021403681222544,3.6791843315710295,5.713604371718528,1.1060798153027213e-8,3.2537982740600923e-6,LOC108167554,NA,NA,
51.2931311827729,21.205543610459358,2.7939138070885794,7.589906158399628,3.201372547977673e-14,8.122682497356351e-11,Osgin1,oxidative stress induced growth inhibitor 1,71839,
1212.613074794763,0.8840354957062881,0.22022583199395873,4.014222526495162,5.9642059067836366e-5,0.006725636194216347,Vps9d1,VPS9 domain containing 1,72325,
43.18680627900547,20.421309211331234,2.8198246621183145,7.242049296778012,4.4195513620923816e-13,5.606753346734448e-10,Oaf,out at first homolog,102644,
23.62258988566667,20.330292993293817,3.679946845821541,5.524615937422628,3.302071300168912e-8,7.207036908691245e-6,Ccdc153,coiled-coil domain containing 153,270150,
78.82205339290272,22.60545174739204,3.075439151750764,7.3503166968929845,1.9773778065526113e-13,3.0874472859542234e-10,Stra6,stimulated by retinoic acid gene 6,20897,
25.84676693426537,20.178565004265046,3.6801437407339277,5.483091538223682,4.179566103261234e-8,8.483683276399651e-6,Gm39386,"predicted gene, 39386",105243472,
40.38474849183875,8.258487410041273,2.2519529768845565,3.6672557086278066,2.451675914025883e-4,0.023925056587931433,D030055H07Rik,RIKEN cDNA D030055H07 gene,654798,
6703.221863990155,-0.6778413763242243,0.18440089133352483,-3.6759116044521525,2.3700158234770527e-4,0.0232398942922402,Manf,mesencephalic astrocyte-derived neurotrophic factor,74840,
76.72514997461708,9.09192948741445,2.266195921182923,4.011978577151701,6.021196525768839e-5,0.006752389341439553,Traip,TRAF-interacting protein,22036,
30.77395274226359,8.754693491434846,2.487863478125269,3.518960573363917,4.332410871838647e-4,0.03823446777242646,Gm38623,"predicted gene, 38623",102642652,
1929.704299250209,1.4223915588791756,0.4137042957771569,3.4381841653521317,5.856292575648069e-4,0.048321555569310774,Ubp1,upstream binding protein 1,22221,
884.2001227059308,1.7414287489399378,0.45128557030310756,3.8588177055390913,1.1393688230639524e-4,0.012108328989817856,Cul4b,cullin 4B,72584,
51.21756020930154,21.43947516796143,2.7794753467871804,7.7134971507279255,1.2241608970910816e-14,4.9696035778309547e-11,Stk26,serine/threonine kinase 26,70415,
62.74241048946659,9.212685878171657,2.4446391087939587,3.768525932940938,1.6421442705787098e-4,0.016776242980683264,4930502E18Rik,NA,NA,
34.019017006648305,20.790725652438308,3.478752665433305,5.976488601511043,2.279984987049856e-9,1.0248664685389955e-6,4933403O08Rik,RIKEN cDNA 4933403O08 gene,71030,
118.00945908464841,21.726422203831003,3.0521191098024976,7.118471272648635,1.0913067549166483e-12,1.230630250627674e-9,Nms,neuromedin S,433292,
15.503075941717288,19.3612076551201,3.6818031582754855,5.258621067669644,1.4513961767657223e-7,2.539693068619882e-5,Gm30900,"predicted gene, 30900",102632958,
22.024373279795597,-21.310958232132222,3.6360148949336546,-5.861075613806328,4.598784935981795e-9,1.637651519834359e-6,Gm41939,"predicted gene, 41939",105246691,
168.34709507109827,21.84411604531317,2.9959647026042235,7.291179374151274,3.072533610599411e-13,4.1577524818631233e-10,Lamc2,"laminin, gamma 2",16782,
55.69843496909761,21.601678600125272,3.678817067970231,5.871908877503357,4.308055337926582e-9,1.589907404531523e-6,4930523C07Rik,RIKEN cDNA 4930523C07 gene,67647,
14.86626709962161,20.205338045360598,3.68015440728293,5.490350623706103,4.0113662230519304e-8,8.308439958725315e-6,Gm32749,"predicted gene, 32749",102635396,
29.87861013852295,19.501742200860132,3.6813760337588985,5.297405649959567,1.1745956193971371e-7,2.1674492620475536e-5,Gm33377,"predicted gene, 33377",102636263,
145.24602841545442,9.64844775789144,2.0729281682525844,4.65450173607549,3.247651010304497e-6,4.675235475685155e-4,Efemp1,epidermal growth factor-containing fibulin-like extracellular matrix protein 1,216616,
20.873980304043798,19.224225176723206,3.682138202163836,5.2209406929446445,1.7801654859070246e-7,2.9140160510436115e-5,Wnt9a,"wingless-type MMTV integration site family, member 9A",216795,
33.89146394838292,20.58999729374393,3.4664367900163993,5.939816168881165,2.853418630056575e-9,1.113221415249109e-6,Cldn7,claudin 7,53624,
62.95519852502323,21.91315203622529,3.2057205375782747,6.835640156200058,8.163963623987003e-12,7.891053982842294e-9,Rhbdf2,rhomboid 5 homolog 2,217344,
20.26089468690347,19.865989049256353,3.6806693076498043,5.397384928868077,6.761921386490547e-8,1.2948441538017464e-5,LOC108167980,NA,NA,
32.149877782230455,-22.937119020130538,3.6322478697069718,-6.314855109814125,2.7041470556433195e-10,1.7706057075951e-7,Gm34489,"predicted gene, 34489",102637759,
11.715862854384076,19.304814651078097,3.682014681621432,5.243003170909933,1.579838230379186e-7,2.6408052612683204e-5,Gm40375,"predicted gene, 40375",105244840,
116.78932528550946,8.92566749999378,2.545346717738777,3.506660777406043,4.5376721616073834e-4,0.039530330273092995,Gm40474,"predicted gene, 40474",105244956,
64.68464796653609,19.733404589787895,3.680818387637831,5.361145949515816,8.269566933803677e-8,1.5542191631698802e-5,Gm5086,predicted gene 5086,328314,
22.17354634519777,19.479935928049038,3.6814596947824207,5.291361998518451,1.2140878425014679e-7,2.2201400925310627e-5,Gm31452,"predicted gene, 31452",102633689,
26.343755326125624,20.19085668593021,3.6801221822612344,5.486463678639069,4.100596884175421e-8,8.40746621767603e-6,Gm30363,"predicted gene, 30363",102632228,
93.8202883524028,9.729280978305425,2.626230749935546,3.704655799397751,2.1167797144095138e-4,0.021061958158374663,Il17rd,interleukin 17 receptor D,171463,
28.316832728192065,19.317311173119684,3.6818443836879053,5.246639770736474,1.5489834434467625e-7,2.6408052612683204e-5,Mir17hg,Mir17 host gene (non-protein coding),75957,
30.373351139460606,19.81038864409557,3.5318310695763464,5.609098581963572,2.033831531330369e-8,5.1603390528679785e-6,Capsl,calcyphosine-like,75568,
18.48080207260656,19.624153087390273,3.680733438368213,5.33158768924334,9.735778885705175e-8,1.8129985304774645e-5,Gm41447,"predicted gene, 41447",105246104,
44.70457750575195,21.65192110972497,3.2837107404345742,6.593735813301114,4.288946384848848e-11,3.2467690545063535e-8,Drd3,dopamine receptor D3,13490,
31.395880310316187,20.98628633457592,3.5299439953162275,5.9452179304889725,2.7608928894022162e-9,1.113221415249109e-6,Rsph1,radial spoke head 1 homolog (Chlamydomonas),22092,
66.44565915977546,9.459858876520995,2.629498652384955,3.5975903117276387,3.211789913651801e-4,0.02990500535197443,Gpsm3,"G-protein signalling modulator 3 (AGS3-like, C. elegans)",106512,
34.678277762193325,18.818211320970903,3.683081099847875,5.109366536009258,3.2324073085112505e-7,4.97056087486071e-5,Slc22a7,"solute carrier family 22 (organic anion transporter), member 7",108114,
41.959551380731675,20.981977308787517,3.678874446839574,5.703368682998299,1.1746253707005485e-8,3.3223225874952104e-6,Plin5,perilipin 5,66968,
30.125160229455947,20.633366194467897,3.556582489992068,5.801458634104088,6.5740515774500066e-9,2.2240016486513373e-6,Tbc1d10c,"TBC1 domain family, member 10c",108995,
13.196589254320498,17.440130368434577,3.6925777365672956,4.723023213763759,2.3236431468487496e-6,3.393187668686037e-4,Olfr1417,NA,NA,
26.313523161889965,20.711253616643024,3.6795087357933913,5.628809469907992,1.8145770107576462e-8,4.722087713379321e-6,Fut7,fucosyltransferase 7,14347,
50.670948539990484,22.664749584112716,3.678573477374263,6.1612877175123435,7.215575228477758e-10,3.958425567233555e-7,Dbh,dopamine beta hydroxylase,13166,
27.403739753308862,-22.249336876546376,3.6333058783933745,-6.123716973255468,9.141722248824409e-10,4.757914825811227e-7,Spc25,"SPC25, NDC80 kinetochore complex component, homolog (S. cerevisiae)",66442,
56.493018715674566,-22.86309136656164,3.632301516029521,-6.294381472921706,3.0862799266810854e-10,1.8455153585356773e-7,4833423E24Rik,NA,NA,
48.653755917521174,21.966036120269578,3.6786621929271623,5.971202292644028,2.355115021529671e-9,1.0248664685389955e-6,Rad51,RAD51 recombinase,19361,
59.94671742432239,20.599294303597983,3.6795589611693513,5.598305264566707,2.164573609713214e-8,5.293556039754074e-6,Cd40,CD40 antigen,21939,
17.35010516205698,19.44329846093174,3.681583432881652,5.281232604231127,1.283176559555887e-7,2.304948478395168e-5,Gm39990,"predicted gene, 39990",105244367,
37.23905277776956,19.300835319277844,3.6818612607451584,5.242140850079619,1.587241313798084e-7,2.6408052612683204e-5,Helz2,"helicase with zinc finger 2, transcriptional coactivator",229003,
41.70288078278774,-23.53304532365144,3.0814494730031714,-7.637005094461667,2.2233270639420965e-14,6.447013249128097e-11,Sprr1a,small proline-rich protein 1A,20753,
15.665625191802272,19.42973382581209,3.6816220649993148,5.277492768887918,1.3096337072132468e-7,2.3318372797381126e-5,Hist2h2bb,NA,NA,
54.60723140802619,20.739238648864447,3.6794252347385425,5.636543026627952,1.7349770198639707e-8,4.57357968171414e-6,Gabrr1,"gamma-aminobutyric acid (GABA) C receptor, subunit rho 1",14408,
23.79336779677626,20.48178171270621,3.679763611174484,5.566059094260395,2.6056491082045828e-8,5.942636584082766e-6,Hspb7,"heat shock protein family, member 7 (cardiovascular)",29818,
21.124318730660193,-20.54793643118966,3.6401221583333623,-5.644848040099176,1.653272095783884e-8,4.415541710555431e-6,Gm32374,"predicted gene, 32374",102634899,
25.781976566016702,20.49981101395238,3.6796824956429237,5.571081482770866,2.5316288347444076e-8,5.839432055413862e-6,Gm40349,"predicted gene, 40349",105244804,
37.07423326671632,20.241023320970772,3.6800265309509137,5.5002384223954275,3.792780354932469e-8,7.936686148909202e-6,Vmn1r4,vomeronasal 1 receptor 4,171194,
90.46133654292082,9.228476990576151,2.655856854061908,3.4747644536873206,5.113021020972269e-4,0.04397631384902335,Mcm2,minichromosome maintenance complex component 2,17216,
85.89744010937275,-23.193645389997013,3.4069874682586945,-6.807669709994926,9.919226740642498e-12,9.151839290070974e-9,Lpar5,lysophosphatidic acid receptor 5,381810,
37.8525570101104,8.066533779845289,2.2516091907788542,3.582563889364385,3.402383666243097e-4,0.0313916289351829,Zfp541,zinc finger protein 541,666528,
47.962026712637254,21.033934753562505,3.6791880903896526,5.7170044685959125,1.0841826703474593e-8,3.236285270987166e-6,Rcn3,"reticulocalbin 3, EF-hand calcium binding domain",52377,
158.80358798366993,8.840101524200806,2.5735322536038807,3.435007084842807,5.925383371181801e-4,0.04869369703167943,LOC108167437,NA,NA,
17.35979276481966,19.18397714824167,3.682247721586215,5.209855120767845,1.8898814899854976e-7,3.068362461280156e-5,Gm35021,"predicted gene, 35021",102638463,
35.44597920570874,20.54472855971685,3.679655240104092,5.583329746711725,2.359567581184553e-8,5.6346473838687134e-6,Ces5a,carboxylesterase 5A,67935,
34.19336920139134,21.061582589473772,3.547643555308934,5.936780925455658,2.9067265251848845e-9,1.113221415249109e-6,Il10ra,"interleukin 10 receptor, alpha",16154,
112.48379978561763,21.554091765369737,3.5946365381268075,5.996181126173535,2.0201169759896473e-9,9.535891715962293e-7,Gm15169,predicted gene 15169,105243737,
